filename,label
genuine_0000.png,genuine
genuine_0001.png,genuine
genuine_0002.png,genuine
genuine_0003.png,genuine
genuine_0004.png,genuine
genuine_0005.png,genuine
genuine_0006.png,genuine
genuine_0007.png,genuine
genuine_0008.png,genuine
genuine_0009.png,genuine
genuine_0010.png,genuine
genuine_0011.png,genuine
genuine_0012.png,genuine
genuine_0013.png,genuine
genuine_0014.png,genuine
genuine_0015.png,genuine
genuine_0016.png,genuine
genuine_0017.png,genuine
genuine_0018.png,genuine
genuine_0019.png,genuine
genuine_0020.png,genuine
genuine_0021.png,genuine
genuine_0022.png,genuine
genuine_0023.png,genuine
genuine_0024.png,genuine
genuine_0025.png,genuine
genuine_0026.png,genuine
genuine_0027.png,genuine
genuine_0028.png,genuine
genuine_0029.png,genuine
genuine_0030.png,genuine
genuine_0031.png,genuine
genuine_0032.png,genuine
genuine_0033.png,genuine
genuine_0034.png,genuine
genuine_0035.png,genuine
genuine_0036.png,genuine
genuine_0037.png,genuine
genuine_0038.png,genuine
genuine_0039.png,genuine
genuine_0040.png,genuine
genuine_0041.png,genuine
genuine_0042.png,genuine
genuine_0043.png,genuine
genuine_0044.png,genuine
genuine_0045.png,genuine
genuine_0046.png,genuine
genuine_0047.png,genuine
genuine_0048.png,genuine
genuine_0049.png,genuine
genuine_0050.png,genuine
genuine_0051.png,genuine
genuine_0052.png,genuine
genuine_0053.png,genuine
genuine_0054.png,genuine
genuine_0055.png,genuine
genuine_0056.png,genuine
genuine_0057.png,genuine
genuine_0058.png,genuine
genuine_0059.png,genuine
genuine_0060.png,genuine
genuine_0061.png,genuine
genuine_0062.png,genuine
genuine_0063.png,genuine
genuine_0064.png,genuine
genuine_0065.png,genuine
genuine_0066.png,genuine
genuine_0067.png,genuine
genuine_0068.png,genuine
genuine_0069.png,genuine
genuine_0070.png,genuine
genuine_0071.png,genuine
genuine_0072.png,genuine
genuine_0073.png,genuine
genuine_0074.png,genuine
genuine_0075.png,genuine
genuine_0076.png,genuine
genuine_0077.png,genuine
genuine_0078.png,genuine
genuine_0079.png,genuine
genuine_0080.png,genuine
genuine_0081.png,genuine
genuine_0082.png,genuine
genuine_0083.png,genuine
genuine_0084.png,genuine
genuine_0085.png,genuine
genuine_0086.png,genuine
genuine_0087.png,genuine
genuine_0088.png,genuine
genuine_0089.png,genuine
genuine_0090.png,genuine
genuine_0091.png,genuine
genuine_0092.png,genuine
genuine_0093.png,genuine
genuine_0094.png,genuine
genuine_0095.png,genuine
genuine_0096.png,genuine
genuine_0097.png,genuine
genuine_0098.png,genuine
genuine_0099.png,genuine
genuine_0100.png,genuine
genuine_0101.png,genuine
genuine_0102.png,genuine
genuine_0103.png,genuine
genuine_0104.png,genuine
genuine_0105.png,genuine
genuine_0106.png,genuine
genuine_0107.png,genuine
genuine_0108.png,genuine
genuine_0109.png,genuine
genuine_0110.png,genuine
genuine_0111.png,genuine
genuine_0112.png,genuine
genuine_0113.png,genuine
genuine_0114.png,genuine
genuine_0115.png,genuine
genuine_0116.png,genuine
genuine_0117.png,genuine
genuine_0118.png,genuine
genuine_0119.png,genuine
genuine_0120.png,genuine
genuine_0121.png,genuine
genuine_0122.png,genuine
genuine_0123.png,genuine
genuine_0124.png,genuine
genuine_0125.png,genuine
genuine_0126.png,genuine
genuine_0127.png,genuine
genuine_0128.png,genuine
genuine_0129.png,genuine
genuine_0130.png,genuine
genuine_0131.png,genuine
genuine_0132.png,genuine
genuine_0133.png,genuine
genuine_0134.png,genuine
genuine_0135.png,genuine
genuine_0136.png,genuine
genuine_0137.png,genuine
genuine_0138.png,genuine
genuine_0139.png,genuine
genuine_0140.png,genuine
genuine_0141.png,genuine
genuine_0142.png,genuine
genuine_0143.png,genuine
genuine_0144.png,genuine
genuine_0145.png,genuine
genuine_0146.png,genuine
genuine_0147.png,genuine
genuine_0148.png,genuine
genuine_0149.png,genuine
forged_0000.png,forged
forged_0001.png,forged
forged_0002.png,forged
forged_0003.png,forged
forged_0004.png,forged
forged_0005.png,forged
forged_0006.png,forged
forged_0007.png,forged
forged_0008.png,forged
forged_0009.png,forged
forged_0010.png,forged
forged_0011.png,forged
forged_0012.png,forged
forged_0013.png,forged
forged_0014.png,forged
forged_0015.png,forged
forged_0016.png,forged
forged_0017.png,forged
forged_0018.png,forged
forged_0019.png,forged
forged_0020.png,forged
forged_0021.png,forged
forged_0022.png,forged
forged_0023.png,forged
forged_0024.png,forged
forged_0025.png,forged
forged_0026.png,forged
forged_0027.png,forged
forged_0028.png,forged
forged_0029.png,forged
forged_0030.png,forged
forged_0031.png,forged
forged_0032.png,forged
forged_0033.png,forged
forged_0034.png,forged
forged_0035.png,forged
forged_0036.png,forged
forged_0037.png,forged
forged_0038.png,forged
forged_0039.png,forged
forged_0040.png,forged
forged_0041.png,forged
forged_0042.png,forged
forged_0043.png,forged
forged_0044.png,forged
forged_0045.png,forged
forged_0046.png,forged
forged_0047.png,forged
forged_0048.png,forged
forged_0049.png,forged
forged_0050.png,forged
forged_0051.png,forged
forged_0052.png,forged
forged_0053.png,forged
forged_0054.png,forged
forged_0055.png,forged
forged_0056.png,forged
forged_0057.png,forged
forged_0058.png,forged
forged_0059.png,forged
forged_0060.png,forged
forged_0061.png,forged
forged_0062.png,forged
forged_0063.png,forged
forged_0064.png,forged
forged_0065.png,forged
forged_0066.png,forged
forged_0067.png,forged
forged_0068.png,forged
forged_0069.png,forged
forged_0070.png,forged
forged_0071.png,forged
forged_0072.png,forged
forged_0073.png,forged
forged_0074.png,forged
forged_0075.png,forged
forged_0076.png,forged
forged_0077.png,forged
forged_0078.png,forged
forged_0079.png,forged
forged_0080.png,forged
forged_0081.png,forged
forged_0082.png,forged
forged_0083.png,forged
forged_0084.png,forged
forged_0085.png,forged
forged_0086.png,forged
forged_0087.png,forged
forged_0088.png,forged
forged_0089.png,forged
forged_0090.png,forged
forged_0091.png,forged
forged_0092.png,forged
forged_0093.png,forged
forged_0094.png,forged
forged_0095.png,forged
forged_0096.png,forged
forged_0097.png,forged
forged_0098.png,forged
forged_0099.png,forged
forged_0100.png,forged
forged_0101.png,forged
forged_0102.png,forged
forged_0103.png,forged
forged_0104.png,forged
forged_0105.png,forged
forged_0106.png,forged
forged_0107.png,forged
forged_0108.png,forged
forged_0109.png,forged
forged_0110.png,forged
forged_0111.png,forged
forged_0112.png,forged
forged_0113.png,forged
forged_0114.png,forged
forged_0115.png,forged
forged_0116.png,forged
forged_0117.png,forged
forged_0118.png,forged
forged_0119.png,forged
forged_0120.png,forged
forged_0121.png,forged
forged_0122.png,forged
forged_0123.png,forged
forged_0124.png,forged
forged_0125.png,forged
forged_0126.png,forged
forged_0127.png,forged
forged_0128.png,forged
forged_0129.png,forged
forged_0130.png,forged
forged_0131.png,forged
forged_0132.png,forged
forged_0133.png,forged
forged_0134.png,forged
forged_0135.png,forged
forged_0136.png,forged
forged_0137.png,forged
forged_0138.png,forged
forged_0139.png,forged
forged_0140.png,forged
forged_0141.png,forged
forged_0142.png,forged
forged_0143.png,forged
forged_0144.png,forged
forged_0145.png,forged
forged_0146.png,forged
forged_0147.png,forged
forged_0148.png,forged
forged_0149.png,forged
genuine_noisy_0000.png,genuine
genuine_noisy_0001.png,genuine
genuine_noisy_0002.png,genuine
genuine_noisy_0003.png,genuine
genuine_noisy_0004.png,genuine
genuine_noisy_0005.png,genuine
genuine_noisy_0006.png,genuine
genuine_noisy_0007.png,genuine
genuine_noisy_0008.png,genuine
genuine_noisy_0009.png,genuine
genuine_noisy_0010.png,genuine
genuine_noisy_0011.png,genuine
genuine_noisy_0012.png,genuine
genuine_noisy_0013.png,genuine
genuine_noisy_0014.png,genuine
forged_noisy_0000.png,forged
forged_noisy_0001.png,forged
forged_noisy_0002.png,forged
forged_noisy_0003.png,forged
forged_noisy_0004.png,forged
forged_noisy_0005.png,forged
forged_noisy_0006.png,forged
forged_noisy_0007.png,forged
forged_noisy_0008.png,forged
forged_noisy_0009.png,forged
forged_noisy_0010.png,forged
forged_noisy_0011.png,forged
forged_noisy_0012.png,forged
forged_noisy_0013.png,forged
forged_noisy_0014.png,forged
